timeStamp,elapsed,label,responseCode,responseMessage,threadName,dataType,success,failureMessage,bytes,sentBytes,grpThreads,allThreads,URL,Latency,IdleTime,Connect
1.71699E+12,7,HTTP Request,200,,Thread Group 1-1,text,TRUE,,576,216,4,4,http://localhost:5009/data/filterfromAllCSV,7,0,2
1.71699E+12,6,HTTP Request,200,,Thread Group 1-2,text,TRUE,,576,216,4,4,http://localhost:5009/data/filterfromAllCSV,6,0,1
1.71699E+12,5,HTTP Request,200,,Thread Group 1-5,text,TRUE,,576,216,5,5,http://localhost:5009/data/filterfromAllCSV,5,0,1
1.71699E+12,7,HTTP Request,200,,Thread Group 1-6,text,TRUE,,576,216,6,6,http://localhost:5009/data/filterfromAllCSV,7,0,1
1.71699E+12,10,HTTP Request,200,,Thread Group 1-7,text,TRUE,,576,216,8,8,http://localhost:5009/data/filterfromAllCSV,10,0,1
1.71699E+12,17,HTTP Request,200,,Thread Group 1-4,text,TRUE,,576,216,8,8,http://localhost:5009/data/filterfromAllCSV,17,0,1
1.71699E+12,13,HTTP Request,200,,Thread Group 1-8,text,TRUE,,576,216,8,8,http://localhost:5009/data/filterfromAllCSV,13,0,1
1.71699E+12,13,HTTP Request,200,,Thread Group 1-9,text,TRUE,,576,216,7,7,http://localhost:5009/data/filterfromAllCSV,13,0,1
1.71699E+12,13,HTTP Request,200,,Thread Group 1-10,text,TRUE,,576,216,6,6,http://localhost:5009/data/filterfromAllCSV,13,0,1
1.71699E+12,13,HTTP Request,200,,Thread Group 1-11,text,TRUE,,576,216,5,5,http://localhost:5009/data/filterfromAllCSV,13,0,1
1.71699E+12,11,HTTP Request,200,,Thread Group 1-13,text,TRUE,,576,216,4,4,http://localhost:5009/data/filterfromAllCSV,11,0,1
1.71699E+12,32,HTTP Request,200,,Thread Group 1-3,text,TRUE,,576,216,3,3,http://localhost:5009/data/filterfromAllCSV,32,0,1
1.71699E+12,11,HTTP Request,200,,Thread Group 1-14,text,TRUE,,576,216,2,2,http://localhost:5009/data/filterfromAllCSV,11,0,1
1.71699E+12,17,HTTP Request,200,,Thread Group 1-12,text,TRUE,,576,216,1,1,http://localhost:5009/data/filterfromAllCSV,17,0,1
1.71699E+12,4,HTTP Request,200,,Thread Group 1-16,text,TRUE,,576,216,2,2,http://localhost:5009/data/filterfromAllCSV,4,0,1
1.71699E+12,6,HTTP Request,200,,Thread Group 1-17,text,TRUE,,576,216,1,1,http://localhost:5009/data/filterfromAllCSV,6,0,3
1.71699E+12,5,HTTP Request,200,,Thread Group 1-18,text,TRUE,,576,216,2,2,http://localhost:5009/data/filterfromAllCSV,5,0,2
1.71699E+12,7,HTTP Request,200,,Thread Group 1-19,text,TRUE,,576,216,3,3,http://localhost:5009/data/filterfromAllCSV,7,0,1
1.71699E+12,6,HTTP Request,200,,Thread Group 1-20,text,TRUE,,576,216,2,2,http://localhost:5009/data/filterfromAllCSV,6,0,2
1.71699E+12,4,HTTP Request,200,,Thread Group 1-15,text,TRUE,,576,216,2,2,http://localhost:5009/data/filterfromAllCSV,4,0,1
1.71699E+12,4,HTTP Request,200,,Thread Group 1-21,text,TRUE,,576,216,2,2,http://localhost:5009/data/filterfromAllCSV,4,0,1
1.71699E+12,5,HTTP Request,200,,Thread Group 1-22,text,TRUE,,576,216,2,2,http://localhost:5009/data/filterfromAllCSV,5,0,1
1.71699E+12,3,HTTP Request,200,,Thread Group 1-24,text,TRUE,,576,216,2,2,http://localhost:5009/data/filterfromAllCSV,3,0,1
1.71699E+12,4,HTTP Request,200,,Thread Group 1-23,text,TRUE,,576,216,2,2,http://localhost:5009/data/filterfromAllCSV,4,0,1
1.71699E+12,4,HTTP Request,200,,Thread Group 1-25,text,TRUE,,576,216,1,1,http://localhost:5009/data/filterfromAllCSV,4,0,1
1.71699E+12,4,HTTP Request,200,,Thread Group 1-26,text,TRUE,,576,216,2,2,http://localhost:5009/data/filterfromAllCSV,4,0,1
1.71699E+12,7,HTTP Request,200,,Thread Group 1-27,text,TRUE,,576,216,1,1,http://localhost:5009/data/filterfromAllCSV,7,0,2
1.71699E+12,4,HTTP Request,200,,Thread Group 1-28,text,TRUE,,576,216,2,2,http://localhost:5009/data/filterfromAllCSV,4,0,1
1.71699E+12,6,HTTP Request,200,,Thread Group 1-29,text,TRUE,,576,216,3,3,http://localhost:5009/data/filterfromAllCSV,6,0,1
1.71699E+12,4,HTTP Request,200,,Thread Group 1-31,text,TRUE,,576,216,2,2,http://localhost:5009/data/filterfromAllCSV,4,0,1
1.71699E+12,4,HTTP Request,200,,Thread Group 1-30,text,TRUE,,576,216,2,2,http://localhost:5009/data/filterfromAllCSV,4,0,1
1.71699E+12,4,HTTP Request,200,,Thread Group 1-33,text,TRUE,,576,216,2,2,http://localhost:5009/data/filterfromAllCSV,4,0,1
1.71699E+12,5,HTTP Request,200,,Thread Group 1-32,text,TRUE,,576,216,2,2,http://localhost:5009/data/filterfromAllCSV,5,0,1
1.71699E+12,4,HTTP Request,200,,Thread Group 1-34,text,TRUE,,576,216,2,2,http://localhost:5009/data/filterfromAllCSV,4,0,1
1.71699E+12,6,HTTP Request,200,,Thread Group 1-35,text,TRUE,,576,216,2,2,http://localhost:5009/data/filterfromAllCSV,6,0,1
1.71699E+12,5,HTTP Request,200,,Thread Group 1-36,text,TRUE,,576,216,2,2,http://localhost:5009/data/filterfromAllCSV,5,0,1
1.71699E+12,4,HTTP Request,200,,Thread Group 1-40,text,TRUE,,576,216,2,2,http://localhost:5009/data/filterfromAllCSV,4,0,1
1.71699E+12,5,HTTP Request,200,,Thread Group 1-37,text,TRUE,,576,216,2,2,http://localhost:5009/data/filterfromAllCSV,5,0,1
1.71699E+12,6,HTTP Request,200,,Thread Group 1-41,text,TRUE,,576,216,1,1,http://localhost:5009/data/filterfromAllCSV,6,0,2
1.71699E+12,4,HTTP Request,200,,Thread Group 1-42,text,TRUE,,576,216,2,2,http://localhost:5009/data/filterfromAllCSV,4,0,0
1.71699E+12,3,HTTP Request,200,,Thread Group 1-43,text,TRUE,,576,216,2,2,http://localhost:5009/data/filterfromAllCSV,3,0,1
1.71699E+12,4,HTTP Request,200,,Thread Group 1-44,text,TRUE,,576,216,3,3,http://localhost:5009/data/filterfromAllCSV,4,0,1
1.71699E+12,7,HTTP Request,200,,Thread Group 1-45,text,TRUE,,576,216,2,2,http://localhost:5009/data/filterfromAllCSV,7,0,0
1.71699E+12,6,HTTP Request,200,,Thread Group 1-55,text,TRUE,,576,216,2,2,http://localhost:5009/data/filterfromAllCSV,6,0,1
1.71699E+12,3,HTTP Request,200,,Thread Group 1-56,text,TRUE,,576,216,1,1,http://localhost:5009/data/filterfromAllCSV,3,0,1
1.71699E+12,6,HTTP Request,200,,Thread Group 1-57,text,TRUE,,576,216,3,3,http://localhost:5009/data/filterfromAllCSV,6,0,2
1.71699E+12,3,HTTP Request,200,,Thread Group 1-59,text,TRUE,,576,216,3,3,http://localhost:5009/data/filterfromAllCSV,3,0,0
1.71699E+12,7,HTTP Request,200,,Thread Group 1-60,text,TRUE,,576,216,2,2,http://localhost:5009/data/filterfromAllCSV,7,0,1
1.71699E+12,4,HTTP Request,200,,Thread Group 1-61,text,TRUE,,576,216,2,2,http://localhost:5009/data/filterfromAllCSV,4,0,1
1.71699E+12,4,HTTP Request,200,,Thread Group 1-62,text,TRUE,,576,216,2,2,http://localhost:5009/data/filterfromAllCSV,4,0,1
1.71699E+12,4,HTTP Request,200,,Thread Group 1-64,text,TRUE,,576,216,2,2,http://localhost:5009/data/filterfromAllCSV,4,0,1
1.71699E+12,4,HTTP Request,200,,Thread Group 1-65,text,TRUE,,576,216,1,1,http://localhost:5009/data/filterfromAllCSV,4,0,1
1.71699E+12,7,HTTP Request,200,,Thread Group 1-69,text,TRUE,,576,216,5,5,http://localhost:5009/data/filterfromAllCSV,7,0,3
1.71699E+12,10,HTTP Request,200,,Thread Group 1-68,text,TRUE,,576,216,5,5,http://localhost:5009/data/filterfromAllCSV,10,0,2
1.71699E+12,9,HTTP Request,200,,Thread Group 1-70,text,TRUE,,576,216,4,4,http://localhost:5009/data/filterfromAllCSV,9,0,1
1.71699E+12,6,HTTP Request,200,,Thread Group 1-72,text,TRUE,,576,216,4,4,http://localhost:5009/data/filterfromAllCSV,6,0,1
1.71699E+12,7,HTTP Request,200,,Thread Group 1-73,text,TRUE,,576,216,3,3,http://localhost:5009/data/filterfromAllCSV,7,0,1
1.71699E+12,16,HTTP Request,200,,Thread Group 1-71,text,TRUE,,576,216,4,4,http://localhost:5009/data/filterfromAllCSV,16,0,1
1.71699E+12,3,HTTP Request,200,,Thread Group 1-80,text,TRUE,,576,216,3,3,http://localhost:5009/data/filterfromAllCSV,3,0,1
1.71699E+12,8,HTTP Request,200,,Thread Group 1-77,text,TRUE,,576,216,3,3,http://localhost:5009/data/filterfromAllCSV,8,0,1
1.71699E+12,10,HTTP Request,200,,Thread Group 1-79,text,TRUE,,576,216,1,1,http://localhost:5009/data/filterfromAllCSV,10,0,1
1.71699E+12,8,HTTP Request,200,,Thread Group 1-49,text,TRUE,,576,216,5,5,http://localhost:5009/data/filterfromAllCSV,8,0,0
1.71699E+12,8,HTTP Request,200,,Thread Group 1-38,text,TRUE,,576,216,5,5,http://localhost:5009/data/filterfromAllCSV,8,0,1
1.71699E+12,4,HTTP Request,200,,Thread Group 1-47,text,TRUE,,576,216,3,3,http://localhost:5009/data/filterfromAllCSV,4,0,1
1.71699E+12,11,HTTP Request,200,,Thread Group 1-39,text,TRUE,,576,216,2,2,http://localhost:5009/data/filterfromAllCSV,11,0,2
1.71699E+12,7,HTTP Request,200,,Thread Group 1-46,text,TRUE,,576,216,2,2,http://localhost:5009/data/filterfromAllCSV,7,0,0
1.71699E+12,7,HTTP Request,200,,Thread Group 1-50,text,TRUE,,576,216,7,7,http://localhost:5009/data/filterfromAllCSV,7,0,1
1.71699E+12,7,HTTP Request,200,,Thread Group 1-48,text,TRUE,,576,216,7,7,http://localhost:5009/data/filterfromAllCSV,7,0,1
1.71699E+12,7,HTTP Request,200,,Thread Group 1-81,text,TRUE,,576,216,6,6,http://localhost:5009/data/filterfromAllCSV,7,0,1
1.71699E+12,9,HTTP Request,200,,Thread Group 1-51,text,TRUE,,576,216,6,6,http://localhost:5009/data/filterfromAllCSV,9,0,1
1.71699E+12,11,HTTP Request,200,,Thread Group 1-83,text,TRUE,,576,216,4,4,http://localhost:5009/data/filterfromAllCSV,11,0,1
1.71699E+12,5,HTTP Request,200,,Thread Group 1-85,text,TRUE,,576,216,3,3,http://localhost:5009/data/filterfromAllCSV,5,0,0
1.71699E+12,9,HTTP Request,200,,Thread Group 1-84,text,TRUE,,576,216,2,2,http://localhost:5009/data/filterfromAllCSV,9,0,1
1.71699E+12,5,HTTP Request,200,,Thread Group 1-86,text,TRUE,,576,216,2,2,http://localhost:5009/data/filterfromAllCSV,5,0,1
1.71699E+12,4,HTTP Request,200,,Thread Group 1-89,text,TRUE,,576,216,3,3,http://localhost:5009/data/filterfromAllCSV,4,0,1
1.71699E+12,4,HTTP Request,200,,Thread Group 1-90,text,TRUE,,576,216,4,4,http://localhost:5009/data/filterfromAllCSV,4,0,1
1.71699E+12,8,HTTP Request,200,,Thread Group 1-91,text,TRUE,,576,216,5,5,http://localhost:5009/data/filterfromAllCSV,8,0,1
1.71699E+12,6,HTTP Request,200,,Thread Group 1-92,text,TRUE,,576,216,4,4,http://localhost:5009/data/filterfromAllCSV,6,0,0
1.71699E+12,7,HTTP Request,200,,Thread Group 1-52,text,TRUE,,576,216,4,4,http://localhost:5009/data/filterfromAllCSV,7,0,0
1.71699E+12,6,HTTP Request,200,,Thread Group 1-93,text,TRUE,,576,216,4,4,http://localhost:5009/data/filterfromAllCSV,6,0,1
1.71699E+12,7,HTTP Request,200,,Thread Group 1-94,text,TRUE,,576,216,4,4,http://localhost:5009/data/filterfromAllCSV,7,0,1
1.71699E+12,4,HTTP Request,200,,Thread Group 1-63,text,TRUE,,576,216,23,23,http://localhost:5009/data/filterfromAllCSV,4,0,1
1.71699E+12,3,HTTP Request,200,,Thread Group 1-58,text,TRUE,,576,216,22,22,http://localhost:5009/data/filterfromAllCSV,3,0,1
1.71699E+12,3,HTTP Request,200,,Thread Group 1-66,text,TRUE,,576,216,23,23,http://localhost:5009/data/filterfromAllCSV,3,0,0
1.71699E+12,4,HTTP Request,200,,Thread Group 1-54,text,TRUE,,576,216,21,21,http://localhost:5009/data/filterfromAllCSV,4,0,1
1.71699E+12,4,HTTP Request,200,,Thread Group 1-116,text,TRUE,,576,216,20,20,http://localhost:5009/data/filterfromAllCSV,4,0,0
1.71699E+12,2,HTTP Request,200,,Thread Group 1-115,text,TRUE,,576,216,19,19,http://localhost:5009/data/filterfromAllCSV,2,0,0
1.71699E+12,3,HTTP Request,200,,Thread Group 1-53,text,TRUE,,576,216,19,19,http://localhost:5009/data/filterfromAllCSV,3,0,1
1.71699E+12,5,HTTP Request,200,,Thread Group 1-113,text,TRUE,,576,216,19,19,http://localhost:5009/data/filterfromAllCSV,5,0,1
1.71699E+12,9,HTTP Request,200,,Thread Group 1-109,text,TRUE,,576,216,16,16,http://localhost:5009/data/filterfromAllCSV,9,0,1
1.71699E+12,8,HTTP Request,200,,Thread Group 1-110,text,TRUE,,576,216,16,16,http://localhost:5009/data/filterfromAllCSV,8,0,0
1.71699E+12,10,HTTP Request,200,,Thread Group 1-108,text,TRUE,,576,216,16,16,http://localhost:5009/data/filterfromAllCSV,10,0,0
1.71699E+12,8,HTTP Request,200,,Thread Group 1-107,text,TRUE,,576,216,15,15,http://localhost:5009/data/filterfromAllCSV,7,0,0
1.71699E+12,12,HTTP Request,200,,Thread Group 1-105,text,TRUE,,576,216,15,15,http://localhost:5009/data/filterfromAllCSV,12,0,1
1.71699E+12,27,HTTP Request,200,,Thread Group 1-95,text,TRUE,,576,216,15,15,http://localhost:5009/data/filterfromAllCSV,26,0,1
1.71699E+12,11,HTTP Request,200,,Thread Group 1-102,text,TRUE,,576,216,15,15,http://localhost:5009/data/filterfromAllCSV,11,0,1
1.71699E+12,11,HTTP Request,200,,Thread Group 1-104,text,TRUE,,576,216,15,15,http://localhost:5009/data/filterfromAllCSV,11,0,1
1.71699E+12,9,HTTP Request,200,,Thread Group 1-103,text,TRUE,,576,216,14,14,http://localhost:5009/data/filterfromAllCSV,9,0,0
1.71699E+12,6,HTTP Request,200,,Thread Group 1-101,text,TRUE,,576,216,11,11,http://localhost:5009/data/filterfromAllCSV,6,0,1
1.71699E+12,9,HTTP Request,200,,Thread Group 1-100,text,TRUE,,576,216,11,11,http://localhost:5009/data/filterfromAllCSV,9,0,0
1.71699E+12,10,HTTP Request,200,,Thread Group 1-99,text,TRUE,,576,216,11,11,http://localhost:5009/data/filterfromAllCSV,10,0,0
1.71699E+12,10,HTTP Request,200,,Thread Group 1-98,text,TRUE,,576,216,11,11,http://localhost:5009/data/filterfromAllCSV,10,0,0
1.71699E+12,6,HTTP Request,200,,Thread Group 1-97,text,TRUE,,576,216,6,6,http://localhost:5009/data/filterfromAllCSV,6,0,1
1.71699E+12,7,HTTP Request,200,,Thread Group 1-96,text,TRUE,,576,216,6,6,http://localhost:5009/data/filterfromAllCSV,7,0,1
1.71699E+12,21,HTTP Request,200,,Thread Group 1-67,text,TRUE,,576,216,4,4,http://localhost:5009/data/filterfromAllCSV,21,0,2
1.71699E+12,12,HTTP Request,200,,Thread Group 1-74,text,TRUE,,576,216,4,4,http://localhost:5009/data/filterfromAllCSV,12,0,1
1.71699E+12,13,HTTP Request,200,,Thread Group 1-75,text,TRUE,,576,216,2,2,http://localhost:5009/data/filterfromAllCSV,13,0,2
1.71699E+12,11,HTTP Request,200,,Thread Group 1-76,text,TRUE,,576,216,2,2,http://localhost:5009/data/filterfromAllCSV,11,0,1
1.71699E+12,6,HTTP Request,200,,Thread Group 1-78,text,TRUE,,576,216,1,1,http://localhost:5009/data/filterfromAllCSV,6,0,1
1.71699E+12,3,HTTP Request,200,,Thread Group 1-132,text,TRUE,,576,216,4,4,http://localhost:5009/data/filterfromAllCSV,3,0,1
1.71699E+12,3,HTTP Request,200,,Thread Group 1-134,text,TRUE,,576,216,4,4,http://localhost:5009/data/filterfromAllCSV,3,0,1
1.71699E+12,6,HTTP Request,200,,Thread Group 1-133,text,TRUE,,576,216,3,3,http://localhost:5009/data/filterfromAllCSV,6,0,1
1.71699E+12,4,HTTP Request,200,,Thread Group 1-82,text,TRUE,,576,216,3,3,http://localhost:5009/data/filterfromAllCSV,4,0,1
1.71699E+12,5,HTTP Request,200,,Thread Group 1-135,text,TRUE,,576,216,3,3,http://localhost:5009/data/filterfromAllCSV,5,0,1
1.71699E+12,17,HTTP Request,200,,Thread Group 1-121,text,TRUE,,576,216,13,13,http://localhost:5009/data/filterfromAllCSV,17,0,1
1.71699E+12,18,HTTP Request,200,,Thread Group 1-123,text,TRUE,,576,216,12,12,http://localhost:5009/data/filterfromAllCSV,18,0,2
1.71699E+12,16,HTTP Request,200,,Thread Group 1-87,text,TRUE,,576,216,11,11,http://localhost:5009/data/filterfromAllCSV,16,0,1
1.71699E+12,21,HTTP Request,200,,Thread Group 1-122,text,TRUE,,576,216,11,11,http://localhost:5009/data/filterfromAllCSV,21,0,1
1.71699E+12,15,HTTP Request,200,,Thread Group 1-125,text,TRUE,,576,216,9,9,http://localhost:5009/data/filterfromAllCSV,15,0,1
1.71699E+12,17,HTTP Request,200,,Thread Group 1-124,text,TRUE,,576,216,9,9,http://localhost:5009/data/filterfromAllCSV,17,0,1
1.71699E+12,17,HTTP Request,200,,Thread Group 1-88,text,TRUE,,576,216,7,7,http://localhost:5009/data/filterfromAllCSV,17,0,1
1.71699E+12,16,HTTP Request,200,,Thread Group 1-127,text,TRUE,,576,216,6,6,http://localhost:5009/data/filterfromAllCSV,16,0,1
1.71699E+12,16,HTTP Request,200,,Thread Group 1-128,text,TRUE,,576,216,5,5,http://localhost:5009/data/filterfromAllCSV,16,0,0
1.71699E+12,16,HTTP Request,200,,Thread Group 1-129,text,TRUE,,576,216,4,4,http://localhost:5009/data/filterfromAllCSV,16,0,1
1.71699E+12,21,HTTP Request,200,,Thread Group 1-131,text,TRUE,,576,216,4,4,http://localhost:5009/data/filterfromAllCSV,21,0,2
1.71699E+12,28,HTTP Request,200,,Thread Group 1-130,text,TRUE,,576,216,2,2,http://localhost:5009/data/filterfromAllCSV,28,0,3
1.71699E+12,6,HTTP Request,200,,Thread Group 1-136,text,TRUE,,576,216,5,5,http://localhost:5009/data/filterfromAllCSV,6,0,1
1.71699E+12,7,HTTP Request,200,,Thread Group 1-137,text,TRUE,,576,216,5,5,http://localhost:5009/data/filterfromAllCSV,7,0,1
1.71699E+12,9,HTTP Request,200,,Thread Group 1-106,text,TRUE,,576,216,5,5,http://localhost:5009/data/filterfromAllCSV,9,0,1
1.71699E+12,5,HTTP Request,200,,Thread Group 1-111,text,TRUE,,576,216,5,5,http://localhost:5009/data/filterfromAllCSV,5,0,1
1.71699E+12,14,HTTP Request,200,,Thread Group 1-138,text,TRUE,,576,216,5,5,http://localhost:5009/data/filterfromAllCSV,14,0,1
1.71699E+12,6,HTTP Request,200,,Thread Group 1-120,text,TRUE,,576,216,4,4,http://localhost:5009/data/filterfromAllCSV,6,0,0
1.71699E+12,10,HTTP Request,200,,Thread Group 1-119,text,TRUE,,576,216,4,4,http://localhost:5009/data/filterfromAllCSV,10,0,1
1.71699E+12,11,HTTP Request,200,,Thread Group 1-112,text,TRUE,,576,216,5,5,http://localhost:5009/data/filterfromAllCSV,10,0,1
1.71699E+12,8,HTTP Request,200,,Thread Group 1-114,text,TRUE,,576,216,4,4,http://localhost:5009/data/filterfromAllCSV,8,0,1
1.71699E+12,6,HTTP Request,200,,Thread Group 1-117,text,TRUE,,576,216,4,4,http://localhost:5009/data/filterfromAllCSV,6,0,1
1.71699E+12,9,HTTP Request,200,,Thread Group 1-118,text,TRUE,,576,216,2,2,http://localhost:5009/data/filterfromAllCSV,9,0,1
1.71699E+12,7,HTTP Request,200,,Thread Group 1-140,text,TRUE,,576,216,5,5,http://localhost:5009/data/filterfromAllCSV,7,0,1
1.71699E+12,7,HTTP Request,200,,Thread Group 1-139,text,TRUE,,576,216,4,4,http://localhost:5009/data/filterfromAllCSV,7,0,0
1.71699E+12,10,HTTP Request,200,,Thread Group 1-141,text,TRUE,,576,216,3,3,http://localhost:5009/data/filterfromAllCSV,10,0,1
1.71699E+12,8,HTTP Request,200,,Thread Group 1-142,text,TRUE,,576,216,3,3,http://localhost:5009/data/filterfromAllCSV,8,0,2
1.71699E+12,4,HTTP Request,200,,Thread Group 1-143,text,TRUE,,576,216,2,2,http://localhost:5009/data/filterfromAllCSV,4,0,0
1.71699E+12,77,HTTP Request,200,,Thread Group 1-126,text,TRUE,,576,216,1,1,http://localhost:5009/data/filterfromAllCSV,77,0,1
1.71699E+12,9,HTTP Request,200,,Thread Group 1-144,text,TRUE,,576,216,3,3,http://localhost:5009/data/filterfromAllCSV,9,0,1
1.71699E+12,11,HTTP Request,200,,Thread Group 1-145,text,TRUE,,576,216,2,2,http://localhost:5009/data/filterfromAllCSV,11,0,1
1.71699E+12,7,HTTP Request,200,,Thread Group 1-146,text,TRUE,,576,216,1,1,http://localhost:5009/data/filterfromAllCSV,7,0,1
1.71699E+12,4,HTTP Request,200,,Thread Group 1-148,text,TRUE,,576,216,2,2,http://localhost:5009/data/filterfromAllCSV,4,0,1
1.71699E+12,4,HTTP Request,200,,Thread Group 1-147,text,TRUE,,576,216,2,2,http://localhost:5009/data/filterfromAllCSV,4,0,1
1.71699E+12,6,HTTP Request,200,,Thread Group 1-149,text,TRUE,,576,216,2,2,http://localhost:5009/data/filterfromAllCSV,6,0,1
1.71699E+12,6,HTTP Request,200,,Thread Group 1-150,text,TRUE,,576,216,1,1,http://localhost:5009/data/filterfromAllCSV,6,0,2
1.71699E+12,4,HTTP Request,200,,Thread Group 1-151,text,TRUE,,576,216,2,2,http://localhost:5009/data/filterfromAllCSV,4,0,1
1.71699E+12,5,HTTP Request,200,,Thread Group 1-152,text,TRUE,,576,216,2,2,http://localhost:5009/data/filterfromAllCSV,5,0,1
1.71699E+12,7,HTTP Request,200,,Thread Group 1-153,text,TRUE,,576,216,2,2,http://localhost:5009/data/filterfromAllCSV,7,0,1
1.71699E+12,6,HTTP Request,200,,Thread Group 1-154,text,TRUE,,576,216,1,1,http://localhost:5009/data/filterfromAllCSV,6,0,2
1.71699E+12,5,HTTP Request,200,,Thread Group 1-155,text,TRUE,,576,216,2,2,http://localhost:5009/data/filterfromAllCSV,5,0,1
1.71699E+12,5,HTTP Request,200,,Thread Group 1-156,text,TRUE,,576,216,2,2,http://localhost:5009/data/filterfromAllCSV,5,0,1
1.71699E+12,5,HTTP Request,200,,Thread Group 1-157,text,TRUE,,576,216,1,1,http://localhost:5009/data/filterfromAllCSV,5,0,1
1.71699E+12,5,HTTP Request,200,,Thread Group 1-158,text,TRUE,,576,216,1,1,http://localhost:5009/data/filterfromAllCSV,5,0,1
1.71699E+12,5,HTTP Request,200,,Thread Group 1-164,text,TRUE,,576,216,3,3,http://localhost:5009/data/filterfromAllCSV,5,0,1
1.71699E+12,9,HTTP Request,200,,Thread Group 1-163,text,TRUE,,576,216,2,2,http://localhost:5009/data/filterfromAllCSV,9,0,1
1.71699E+12,7,HTTP Request,200,,Thread Group 1-165,text,TRUE,,576,216,2,2,http://localhost:5009/data/filterfromAllCSV,7,0,1
1.71699E+12,4,HTTP Request,200,,Thread Group 1-166,text,TRUE,,576,216,3,3,http://localhost:5009/data/filterfromAllCSV,4,0,0
1.71699E+12,7,HTTP Request,200,,Thread Group 1-167,text,TRUE,,576,216,2,2,http://localhost:5009/data/filterfromAllCSV,7,0,1
1.71699E+12,7,HTTP Request,200,,Thread Group 1-168,text,TRUE,,576,216,1,1,http://localhost:5009/data/filterfromAllCSV,7,0,2
1.71699E+12,5,HTTP Request,200,,Thread Group 1-171,text,TRUE,,576,216,2,2,http://localhost:5009/data/filterfromAllCSV,5,0,1
1.71699E+12,5,HTTP Request,200,,Thread Group 1-169,text,TRUE,,576,216,2,2,http://localhost:5009/data/filterfromAllCSV,5,0,1
1.71699E+12,4,HTTP Request,200,,Thread Group 1-172,text,TRUE,,576,216,2,2,http://localhost:5009/data/filterfromAllCSV,3,0,1
1.71699E+12,4,HTTP Request,200,,Thread Group 1-173,text,TRUE,,576,216,2,2,http://localhost:5009/data/filterfromAllCSV,4,0,1
1.71699E+12,4,HTTP Request,200,,Thread Group 1-159,text,TRUE,,576,216,1,1,http://localhost:5009/data/filterfromAllCSV,4,0,1
1.71699E+12,5,HTTP Request,200,,Thread Group 1-160,text,TRUE,,576,216,1,1,http://localhost:5009/data/filterfromAllCSV,5,0,1
1.71699E+12,4,HTTP Request,200,,Thread Group 1-161,text,TRUE,,576,216,3,3,http://localhost:5009/data/filterfromAllCSV,4,0,0
1.71699E+12,4,HTTP Request,200,,Thread Group 1-170,text,TRUE,,576,216,3,3,http://localhost:5009/data/filterfromAllCSV,4,0,1
1.71699E+12,10,HTTP Request,200,,Thread Group 1-162,text,TRUE,,576,216,3,3,http://localhost:5009/data/filterfromAllCSV,10,0,0
1.71699E+12,7,HTTP Request,200,,Thread Group 1-174,text,TRUE,,576,216,2,2,http://localhost:5009/data/filterfromAllCSV,7,0,0
1.71699E+12,5,HTTP Request,200,,Thread Group 1-175,text,TRUE,,576,216,1,1,http://localhost:5009/data/filterfromAllCSV,5,0,1
1.71699E+12,4,HTTP Request,200,,Thread Group 1-176,text,TRUE,,576,216,1,1,http://localhost:5009/data/filterfromAllCSV,4,0,1
1.71699E+12,3,HTTP Request,200,,Thread Group 1-178,text,TRUE,,576,216,2,2,http://localhost:5009/data/filterfromAllCSV,3,0,1
1.71699E+12,3,HTTP Request,200,,Thread Group 1-177,text,TRUE,,576,216,2,2,http://localhost:5009/data/filterfromAllCSV,3,0,1
1.71699E+12,5,HTTP Request,200,,Thread Group 1-179,text,TRUE,,576,216,2,2,http://localhost:5009/data/filterfromAllCSV,5,0,1
1.71699E+12,4,HTTP Request,200,,Thread Group 1-180,text,TRUE,,576,216,2,2,http://localhost:5009/data/filterfromAllCSV,4,0,1
1.71699E+12,4,HTTP Request,200,,Thread Group 1-181,text,TRUE,,576,216,2,2,http://localhost:5009/data/filterfromAllCSV,4,0,0
1.71699E+12,4,HTTP Request,200,,Thread Group 1-182,text,TRUE,,576,216,2,2,http://localhost:5009/data/filterfromAllCSV,4,0,2
1.71699E+12,4,HTTP Request,200,,Thread Group 1-186,text,TRUE,,576,216,3,3,http://localhost:5009/data/filterfromAllCSV,4,0,1
1.71699E+12,4,HTTP Request,200,,Thread Group 1-184,text,TRUE,,576,216,3,3,http://localhost:5009/data/filterfromAllCSV,4,0,1
1.71699E+12,8,HTTP Request,200,,Thread Group 1-183,text,TRUE,,576,216,2,2,http://localhost:5009/data/filterfromAllCSV,8,0,2
1.71699E+12,6,HTTP Request,200,,Thread Group 1-185,text,TRUE,,576,216,1,1,http://localhost:5009/data/filterfromAllCSV,6,0,1
1.71699E+12,4,HTTP Request,200,,Thread Group 1-187,text,TRUE,,576,216,2,2,http://localhost:5009/data/filterfromAllCSV,4,0,1
1.71699E+12,4,HTTP Request,200,,Thread Group 1-188,text,TRUE,,576,216,2,2,http://localhost:5009/data/filterfromAllCSV,4,0,1
1.71699E+12,3,HTTP Request,200,,Thread Group 1-190,text,TRUE,,576,216,2,2,http://localhost:5009/data/filterfromAllCSV,3,0,1
1.71699E+12,4,HTTP Request,200,,Thread Group 1-189,text,TRUE,,576,216,1,1,http://localhost:5009/data/filterfromAllCSV,4,0,1
1.71699E+12,6,HTTP Request,200,,Thread Group 1-191,text,TRUE,,576,216,2,2,http://localhost:5009/data/filterfromAllCSV,6,0,1
1.71699E+12,3,HTTP Request,200,,Thread Group 1-192,text,TRUE,,576,216,2,2,http://localhost:5009/data/filterfromAllCSV,3,0,0
1.71699E+12,4,HTTP Request,200,,Thread Group 1-194,text,TRUE,,576,216,3,3,http://localhost:5009/data/filterfromAllCSV,4,0,1
1.71699E+12,7,HTTP Request,200,,Thread Group 1-193,text,TRUE,,576,216,2,2,http://localhost:5009/data/filterfromAllCSV,6,0,1
1.71699E+12,6,HTTP Request,200,,Thread Group 1-195,text,TRUE,,576,216,1,1,http://localhost:5009/data/filterfromAllCSV,6,0,1
1.71699E+12,5,HTTP Request,200,,Thread Group 1-196,text,TRUE,,576,216,2,2,http://localhost:5009/data/filterfromAllCSV,5,0,2
1.71699E+12,4,HTTP Request,200,,Thread Group 1-197,text,TRUE,,576,216,2,2,http://localhost:5009/data/filterfromAllCSV,4,0,0
1.71699E+12,5,HTTP Request,200,,Thread Group 1-198,text,TRUE,,576,216,2,2,http://localhost:5009/data/filterfromAllCSV,5,0,1
1.71699E+12,5,HTTP Request,200,,Thread Group 1-199,text,TRUE,,576,216,2,2,http://localhost:5009/data/filterfromAllCSV,5,0,2
1.71699E+12,5,HTTP Request,200,,Thread Group 1-200,text,TRUE,,576,216,2,2,http://localhost:5009/data/filterfromAllCSV,5,0,1
1.71699E+12,4,HTTP Request,200,,Thread Group 1-201,text,TRUE,,576,216,2,2,http://localhost:5009/data/filterfromAllCSV,4,0,0
1.71699E+12,4,HTTP Request,200,,Thread Group 1-202,text,TRUE,,576,216,1,1,http://localhost:5009/data/filterfromAllCSV,4,0,1
1.71699E+12,5,HTTP Request,200,,Thread Group 1-204,text,TRUE,,576,216,3,3,http://localhost:5009/data/filterfromAllCSV,5,0,1
1.71699E+12,7,HTTP Request,200,,Thread Group 1-203,text,TRUE,,576,216,2,2,http://localhost:5009/data/filterfromAllCSV,7,0,1
1.71699E+12,8,HTTP Request,200,,Thread Group 1-205,text,TRUE,,576,216,1,1,http://localhost:5009/data/filterfromAllCSV,8,0,1
1.71699E+12,4,HTTP Request,200,,Thread Group 1-206,text,TRUE,,576,216,2,2,http://localhost:5009/data/filterfromAllCSV,4,0,1
1.71699E+12,4,HTTP Request,200,,Thread Group 1-207,text,TRUE,,576,216,1,1,http://localhost:5009/data/filterfromAllCSV,4,0,1
1.71699E+12,3,HTTP Request,200,,Thread Group 1-208,text,TRUE,,576,216,2,2,http://localhost:5009/data/filterfromAllCSV,3,0,0
1.71699E+12,3,HTTP Request,200,,Thread Group 1-209,text,TRUE,,576,216,2,2,http://localhost:5009/data/filterfromAllCSV,3,0,0
1.71699E+12,3,HTTP Request,200,,Thread Group 1-210,text,TRUE,,576,216,2,2,http://localhost:5009/data/filterfromAllCSV,3,0,0
1.71699E+12,3,HTTP Request,200,,Thread Group 1-211,text,TRUE,,576,216,2,2,http://localhost:5009/data/filterfromAllCSV,3,0,0
1.71699E+12,4,HTTP Request,200,,Thread Group 1-213,text,TRUE,,576,216,3,3,http://localhost:5009/data/filterfromAllCSV,4,0,1
1.71699E+12,8,HTTP Request,200,,Thread Group 1-212,text,TRUE,,576,216,2,2,http://localhost:5009/data/filterfromAllCSV,8,0,3
1.71699E+12,4,HTTP Request,200,,Thread Group 1-214,text,TRUE,,576,216,2,2,http://localhost:5009/data/filterfromAllCSV,4,0,1
1.71699E+12,4,HTTP Request,200,,Thread Group 1-215,text,TRUE,,576,216,2,2,http://localhost:5009/data/filterfromAllCSV,4,0,1
1.71699E+12,4,HTTP Request,200,,Thread Group 1-216,text,TRUE,,576,216,2,2,http://localhost:5009/data/filterfromAllCSV,4,0,1
1.71699E+12,3,HTTP Request,200,,Thread Group 1-219,text,TRUE,,576,216,3,3,http://localhost:5009/data/filterfromAllCSV,3,0,1
1.71699E+12,7,HTTP Request,200,,Thread Group 1-218,text,TRUE,,576,216,3,3,http://localhost:5009/data/filterfromAllCSV,7,0,1
1.71699E+12,10,HTTP Request,200,,Thread Group 1-217,text,TRUE,,576,216,2,2,http://localhost:5009/data/filterfromAllCSV,10,0,4
1.71699E+12,5,HTTP Request,200,,Thread Group 1-220,text,TRUE,,576,216,2,2,http://localhost:5009/data/filterfromAllCSV,4,0,0
1.71699E+12,7,HTTP Request,200,,Thread Group 1-221,text,TRUE,,576,216,2,2,http://localhost:5009/data/filterfromAllCSV,6,0,1
1.71699E+12,5,HTTP Request,200,,Thread Group 1-222,text,TRUE,,576,216,2,2,http://localhost:5009/data/filterfromAllCSV,5,0,1
1.71699E+12,5,HTTP Request,200,,Thread Group 1-223,text,TRUE,,576,216,2,2,http://localhost:5009/data/filterfromAllCSV,5,0,2
1.71699E+12,4,HTTP Request,200,,Thread Group 1-224,text,TRUE,,576,216,2,2,http://localhost:5009/data/filterfromAllCSV,4,0,0
1.71699E+12,4,HTTP Request,200,,Thread Group 1-225,text,TRUE,,576,216,2,2,http://localhost:5009/data/filterfromAllCSV,4,0,1
1.71699E+12,3,HTTP Request,200,,Thread Group 1-236,text,TRUE,,576,216,12,12,http://localhost:5009/data/filterfromAllCSV,3,0,1
1.71699E+12,3,HTTP Request,200,,Thread Group 1-237,text,TRUE,,576,216,12,12,http://localhost:5009/data/filterfromAllCSV,3,0,1
1.71699E+12,3,HTTP Request,200,,Thread Group 1-235,text,TRUE,,576,216,10,10,http://localhost:5009/data/filterfromAllCSV,3,0,1
1.71699E+12,3,HTTP Request,200,,Thread Group 1-234,text,TRUE,,576,216,10,10,http://localhost:5009/data/filterfromAllCSV,3,0,0
1.71699E+12,3,HTTP Request,200,,Thread Group 1-233,text,TRUE,,576,216,9,9,http://localhost:5009/data/filterfromAllCSV,3,0,1
1.71699E+12,5,HTTP Request,200,,Thread Group 1-232,text,TRUE,,576,216,8,8,http://localhost:5009/data/filterfromAllCSV,5,0,1
1.71699E+12,5,HTTP Request,200,,Thread Group 1-231,text,TRUE,,576,216,7,7,http://localhost:5009/data/filterfromAllCSV,5,0,1
1.71699E+12,3,HTTP Request,200,,Thread Group 1-230,text,TRUE,,576,216,6,6,http://localhost:5009/data/filterfromAllCSV,3,0,1
1.71699E+12,6,HTTP Request,200,,Thread Group 1-229,text,TRUE,,576,216,5,5,http://localhost:5009/data/filterfromAllCSV,5,0,1
1.71699E+12,4,HTTP Request,200,,Thread Group 1-228,text,TRUE,,576,216,4,4,http://localhost:5009/data/filterfromAllCSV,4,0,1
1.71699E+12,3,HTTP Request,200,,Thread Group 1-227,text,TRUE,,576,216,3,3,http://localhost:5009/data/filterfromAllCSV,3,0,1
1.71699E+12,6,HTTP Request,200,,Thread Group 1-226,text,TRUE,,576,216,2,2,http://localhost:5009/data/filterfromAllCSV,6,0,1
1.71699E+12,4,HTTP Request,200,,Thread Group 1-238,text,TRUE,,576,216,3,3,http://localhost:5009/data/filterfromAllCSV,4,0,0
1.71699E+12,3,HTTP Request,200,,Thread Group 1-239,text,TRUE,,576,216,3,3,http://localhost:5009/data/filterfromAllCSV,3,0,1
1.71699E+12,3,HTTP Request,200,,Thread Group 1-240,text,TRUE,,576,216,3,3,http://localhost:5009/data/filterfromAllCSV,3,0,1
1.71699E+12,4,HTTP Request,200,,Thread Group 1-241,text,TRUE,,576,216,3,3,http://localhost:5009/data/filterfromAllCSV,4,0,1
1.71699E+12,5,HTTP Request,200,,Thread Group 1-242,text,TRUE,,576,216,3,3,http://localhost:5009/data/filterfromAllCSV,5,0,2
1.71699E+12,5,HTTP Request,200,,Thread Group 1-243,text,TRUE,,576,216,3,3,http://localhost:5009/data/filterfromAllCSV,5,0,2
1.71699E+12,5,HTTP Request,200,,Thread Group 1-244,text,TRUE,,576,216,3,3,http://localhost:5009/data/filterfromAllCSV,5,0,1
1.71699E+12,4,HTTP Request,200,,Thread Group 1-245,text,TRUE,,576,216,2,2,http://localhost:5009/data/filterfromAllCSV,4,0,1
1.71699E+12,4,HTTP Request,200,,Thread Group 1-246,text,TRUE,,576,216,2,2,http://localhost:5009/data/filterfromAllCSV,4,0,1
1.71699E+12,8,HTTP Request,200,,Thread Group 1-248,text,TRUE,,576,216,3,3,http://localhost:5009/data/filterfromAllCSV,8,0,0
1.71699E+12,11,HTTP Request,200,,Thread Group 1-249,text,TRUE,,576,216,2,2,http://localhost:5009/data/filterfromAllCSV,11,0,1
1.71699E+12,14,HTTP Request,200,,Thread Group 1-247,text,TRUE,,576,216,1,1,http://localhost:5009/data/filterfromAllCSV,14,0,1
1.71699E+12,6,HTTP Request,200,,Thread Group 1-250,text,TRUE,,576,216,2,2,http://localhost:5009/data/filterfromAllCSV,6,0,1
1.71699E+12,5,HTTP Request,200,,Thread Group 1-251,text,TRUE,,576,216,3,3,http://localhost:5009/data/filterfromAllCSV,5,0,2
1.71699E+12,4,HTTP Request,200,,Thread Group 1-252,text,TRUE,,576,216,3,3,http://localhost:5009/data/filterfromAllCSV,4,0,0
1.71699E+12,3,HTTP Request,200,,Thread Group 1-253,text,TRUE,,576,216,3,3,http://localhost:5009/data/filterfromAllCSV,3,0,0
1.71699E+12,5,HTTP Request,200,,Thread Group 1-258,text,TRUE,,576,216,2,2,http://localhost:5009/data/filterfromAllCSV,5,0,1
1.71699E+12,5,HTTP Request,200,,Thread Group 1-269,text,TRUE,,576,216,1,1,http://localhost:5009/data/filterfromAllCSV,5,0,1
1.71699E+12,5,HTTP Request,200,,Thread Group 1-256,text,TRUE,,576,216,4,4,http://localhost:5009/data/filterfromAllCSV,5,0,1
1.71699E+12,7,HTTP Request,200,,Thread Group 1-255,text,TRUE,,576,216,3,3,http://localhost:5009/data/filterfromAllCSV,7,0,1
1.71699E+12,10,HTTP Request,200,,Thread Group 1-254,text,TRUE,,576,216,2,2,http://localhost:5009/data/filterfromAllCSV,9,0,2
1.71699E+12,7,HTTP Request,200,,Thread Group 1-257,text,TRUE,,576,216,2,2,http://localhost:5009/data/filterfromAllCSV,6,0,1
1.71699E+12,5,HTTP Request,200,,Thread Group 1-259,text,TRUE,,576,216,3,3,http://localhost:5009/data/filterfromAllCSV,5,0,2
1.71699E+12,4,HTTP Request,200,,Thread Group 1-260,text,TRUE,,576,216,2,2,http://localhost:5009/data/filterfromAllCSV,4,0,1
1.71699E+12,3,HTTP Request,200,,Thread Group 1-261,text,TRUE,,576,216,2,2,http://localhost:5009/data/filterfromAllCSV,3,0,1
1.71699E+12,3,HTTP Request,200,,Thread Group 1-263,text,TRUE,,576,216,3,3,http://localhost:5009/data/filterfromAllCSV,3,0,1
1.71699E+12,4,HTTP Request,200,,Thread Group 1-262,text,TRUE,,576,216,3,3,http://localhost:5009/data/filterfromAllCSV,4,0,1
1.71699E+12,8,HTTP Request,200,,Thread Group 1-264,text,TRUE,,576,216,5,5,http://localhost:5009/data/filterfromAllCSV,8,0,1
1.71699E+12,7,HTTP Request,200,,Thread Group 1-266,text,TRUE,,576,216,4,4,http://localhost:5009/data/filterfromAllCSV,7,0,1
1.71699E+12,6,HTTP Request,200,,Thread Group 1-268,text,TRUE,,576,216,4,4,http://localhost:5009/data/filterfromAllCSV,6,0,1
1.71699E+12,10,HTTP Request,200,,Thread Group 1-267,text,TRUE,,576,216,2,2,http://localhost:5009/data/filterfromAllCSV,10,0,1
1.71699E+12,8,HTTP Request,200,,Thread Group 1-270,text,TRUE,,576,216,1,1,http://localhost:5009/data/filterfromAllCSV,8,0,1
1.71699E+12,5,HTTP Request,200,,Thread Group 1-271,text,TRUE,,576,216,1,1,http://localhost:5009/data/filterfromAllCSV,5,0,1
1.71699E+12,5,HTTP Request,200,,Thread Group 1-272,text,TRUE,,576,216,1,1,http://localhost:5009/data/filterfromAllCSV,5,0,0
1.71699E+12,10,HTTP Request,200,,Thread Group 1-265,text,TRUE,,576,216,1,1,http://localhost:5009/data/filterfromAllCSV,10,0,5
1.71699E+12,16,HTTP Request,200,,Thread Group 1-273,text,TRUE,,576,216,1,1,http://localhost:5009/data/filterfromAllCSV,16,0,1
1.71699E+12,5,HTTP Request,200,,Thread Group 1-274,text,TRUE,,576,216,1,1,http://localhost:5009/data/filterfromAllCSV,5,0,1
1.71699E+12,9,HTTP Request,200,,Thread Group 1-275,text,TRUE,,576,216,1,1,http://localhost:5009/data/filterfromAllCSV,9,0,1
1.71699E+12,4,HTTP Request,200,,Thread Group 1-276,text,TRUE,,576,216,1,1,http://localhost:5009/data/filterfromAllCSV,4,0,1
1.71699E+12,3,HTTP Request,200,,Thread Group 1-277,text,TRUE,,576,216,1,1,http://localhost:5009/data/filterfromAllCSV,3,0,1
1.71699E+12,7,HTTP Request,200,,Thread Group 1-278,text,TRUE,,576,216,1,1,http://localhost:5009/data/filterfromAllCSV,7,0,1
1.71699E+12,5,HTTP Request,200,,Thread Group 1-280,text,TRUE,,576,216,2,2,http://localhost:5009/data/filterfromAllCSV,5,0,0
1.71699E+12,4,HTTP Request,200,,Thread Group 1-279,text,TRUE,,576,216,2,2,http://localhost:5009/data/filterfromAllCSV,4,0,1
1.71699E+12,6,HTTP Request,200,,Thread Group 1-281,text,TRUE,,576,216,1,1,http://localhost:5009/data/filterfromAllCSV,6,0,1
1.71699E+12,4,HTTP Request,200,,Thread Group 1-282,text,TRUE,,576,216,2,2,http://localhost:5009/data/filterfromAllCSV,4,0,2
1.71699E+12,4,HTTP Request,200,,Thread Group 1-283,text,TRUE,,576,216,2,2,http://localhost:5009/data/filterfromAllCSV,4,0,2
1.71699E+12,4,HTTP Request,200,,Thread Group 1-284,text,TRUE,,576,216,2,2,http://localhost:5009/data/filterfromAllCSV,4,0,1
1.71699E+12,3,HTTP Request,200,,Thread Group 1-285,text,TRUE,,576,216,2,2,http://localhost:5009/data/filterfromAllCSV,3,0,1
1.71699E+12,5,HTTP Request,200,,Thread Group 1-286,text,TRUE,,576,216,1,1,http://localhost:5009/data/filterfromAllCSV,5,0,2
1.71699E+12,5,HTTP Request,200,,Thread Group 1-287,text,TRUE,,576,216,1,1,http://localhost:5009/data/filterfromAllCSV,5,0,2
1.71699E+12,5,HTTP Request,200,,Thread Group 1-288,text,TRUE,,576,216,1,1,http://localhost:5009/data/filterfromAllCSV,5,0,2
1.71699E+12,6,HTTP Request,200,,Thread Group 1-289,text,TRUE,,576,216,2,2,http://localhost:5009/data/filterfromAllCSV,6,0,1
1.71699E+12,5,HTTP Request,200,,Thread Group 1-290,text,TRUE,,576,216,1,1,http://localhost:5009/data/filterfromAllCSV,5,0,1
1.71699E+12,7,HTTP Request,200,,Thread Group 1-292,text,TRUE,,576,216,1,1,http://localhost:5009/data/filterfromAllCSV,7,0,4
1.71699E+12,4,HTTP Request,200,,Thread Group 1-291,text,TRUE,,576,216,1,1,http://localhost:5009/data/filterfromAllCSV,4,0,1
1.71699E+12,6,HTTP Request,200,,Thread Group 1-293,text,TRUE,,576,216,2,2,http://localhost:5009/data/filterfromAllCSV,5,0,1
1.71699E+12,8,HTTP Request,200,,Thread Group 1-294,text,TRUE,,576,216,1,1,http://localhost:5009/data/filterfromAllCSV,8,0,1
1.71699E+12,4,HTTP Request,200,,Thread Group 1-295,text,TRUE,,576,216,1,1,http://localhost:5009/data/filterfromAllCSV,4,0,1
1.71699E+12,5,HTTP Request,200,,Thread Group 1-296,text,TRUE,,576,216,1,1,http://localhost:5009/data/filterfromAllCSV,5,0,1
1.71699E+12,8,HTTP Request,200,,Thread Group 1-297,text,TRUE,,576,216,1,1,http://localhost:5009/data/filterfromAllCSV,8,0,1
1.71699E+12,6,HTTP Request,200,,Thread Group 1-298,text,TRUE,,576,216,1,1,http://localhost:5009/data/filterfromAllCSV,6,0,0
1.71699E+12,4,HTTP Request,200,,Thread Group 1-299,text,TRUE,,576,216,1,1,http://localhost:5009/data/filterfromAllCSV,4,0,1
1.71699E+12,4,HTTP Request,200,,Thread Group 1-300,text,TRUE,,576,216,1,1,http://localhost:5009/data/filterfromAllCSV,4,0,1
1.71699E+12,3,HTTP Request,200,,Thread Group 1-302,text,TRUE,,576,216,2,2,http://localhost:5009/data/filterfromAllCSV,3,0,0
1.71699E+12,5,HTTP Request,200,,Thread Group 1-301,text,TRUE,,576,216,1,1,http://localhost:5009/data/filterfromAllCSV,5,0,1
1.71699E+12,4,HTTP Request,200,,Thread Group 1-303,text,TRUE,,576,216,1,1,http://localhost:5009/data/filterfromAllCSV,4,0,1
1.71699E+12,6,HTTP Request,200,,Thread Group 1-304,text,TRUE,,576,216,1,1,http://localhost:5009/data/filterfromAllCSV,6,0,1
1.71699E+12,4,HTTP Request,200,,Thread Group 1-305,text,TRUE,,576,216,1,1,http://localhost:5009/data/filterfromAllCSV,4,0,1
1.71699E+12,3,HTTP Request,200,,Thread Group 1-306,text,TRUE,,576,216,1,1,http://localhost:5009/data/filterfromAllCSV,3,0,0
1.71699E+12,4,HTTP Request,200,,Thread Group 1-307,text,TRUE,,576,216,1,1,http://localhost:5009/data/filterfromAllCSV,4,0,1
1.71699E+12,7,HTTP Request,200,,Thread Group 1-308,text,TRUE,,576,216,1,1,http://localhost:5009/data/filterfromAllCSV,7,0,1
1.71699E+12,5,HTTP Request,200,,Thread Group 1-309,text,TRUE,,576,216,1,1,http://localhost:5009/data/filterfromAllCSV,5,0,2
1.71699E+12,6,HTTP Request,200,,Thread Group 1-310,text,TRUE,,576,216,1,1,http://localhost:5009/data/filterfromAllCSV,6,0,1
1.71699E+12,5,HTTP Request,200,,Thread Group 1-311,text,TRUE,,576,216,1,1,http://localhost:5009/data/filterfromAllCSV,5,0,1
1.71699E+12,7,HTTP Request,200,,Thread Group 1-312,text,TRUE,,576,216,1,1,http://localhost:5009/data/filterfromAllCSV,6,0,3
1.71699E+12,6,HTTP Request,200,,Thread Group 1-313,text,TRUE,,576,216,1,1,http://localhost:5009/data/filterfromAllCSV,6,0,2
1.71699E+12,7,HTTP Request,200,,Thread Group 1-314,text,TRUE,,576,216,1,1,http://localhost:5009/data/filterfromAllCSV,7,0,1
1.71699E+12,4,HTTP Request,200,,Thread Group 1-315,text,TRUE,,576,216,1,1,http://localhost:5009/data/filterfromAllCSV,4,0,1
1.71699E+12,4,HTTP Request,200,,Thread Group 1-316,text,TRUE,,576,216,1,1,http://localhost:5009/data/filterfromAllCSV,4,0,1
1.71699E+12,4,HTTP Request,200,,Thread Group 1-317,text,TRUE,,576,216,1,1,http://localhost:5009/data/filterfromAllCSV,4,0,1
1.71699E+12,3,HTTP Request,200,,Thread Group 1-318,text,TRUE,,576,216,1,1,http://localhost:5009/data/filterfromAllCSV,3,0,1
1.71699E+12,5,HTTP Request,200,,Thread Group 1-319,text,TRUE,,576,216,1,1,http://localhost:5009/data/filterfromAllCSV,5,0,1
1.71699E+12,5,HTTP Request,200,,Thread Group 1-320,text,TRUE,,576,216,1,1,http://localhost:5009/data/filterfromAllCSV,5,0,1
1.71699E+12,5,HTTP Request,200,,Thread Group 1-321,text,TRUE,,576,216,1,1,http://localhost:5009/data/filterfromAllCSV,5,0,1
1.71699E+12,7,HTTP Request,200,,Thread Group 1-322,text,TRUE,,576,216,1,1,http://localhost:5009/data/filterfromAllCSV,7,0,1
1.71699E+12,7,HTTP Request,200,,Thread Group 1-323,text,TRUE,,576,216,1,1,http://localhost:5009/data/filterfromAllCSV,7,0,1
1.71699E+12,4,HTTP Request,200,,Thread Group 1-324,text,TRUE,,576,216,1,1,http://localhost:5009/data/filterfromAllCSV,4,0,1
1.71699E+12,4,HTTP Request,200,,Thread Group 1-325,text,TRUE,,576,216,1,1,http://localhost:5009/data/filterfromAllCSV,4,0,2
1.71699E+12,6,HTTP Request,200,,Thread Group 1-326,text,TRUE,,576,216,2,2,http://localhost:5009/data/filterfromAllCSV,6,0,3
1.71699E+12,4,HTTP Request,200,,Thread Group 1-327,text,TRUE,,576,216,2,2,http://localhost:5009/data/filterfromAllCSV,4,0,1
1.71699E+12,4,HTTP Request,200,,Thread Group 1-328,text,TRUE,,576,216,1,1,http://localhost:5009/data/filterfromAllCSV,4,0,1
1.71699E+12,7,HTTP Request,200,,Thread Group 1-329,text,TRUE,,576,216,1,1,http://localhost:5009/data/filterfromAllCSV,7,0,3
1.71699E+12,6,HTTP Request,200,,Thread Group 1-330,text,TRUE,,576,216,1,1,http://localhost:5009/data/filterfromAllCSV,6,0,3
1.71699E+12,4,HTTP Request,200,,Thread Group 1-331,text,TRUE,,576,216,1,1,http://localhost:5009/data/filterfromAllCSV,4,0,1
1.71699E+12,6,HTTP Request,200,,Thread Group 1-332,text,TRUE,,576,216,2,2,http://localhost:5009/data/filterfromAllCSV,6,0,1
1.71699E+12,7,HTTP Request,200,,Thread Group 1-333,text,TRUE,,576,216,2,2,http://localhost:5009/data/filterfromAllCSV,7,0,1
1.71699E+12,10,HTTP Request,200,,Thread Group 1-334,text,TRUE,,576,216,1,1,http://localhost:5009/data/filterfromAllCSV,10,0,1
1.71699E+12,5,HTTP Request,200,,Thread Group 1-335,text,TRUE,,576,216,1,1,http://localhost:5009/data/filterfromAllCSV,5,0,1
1.71699E+12,6,HTTP Request,200,,Thread Group 1-336,text,TRUE,,576,216,2,2,http://localhost:5009/data/filterfromAllCSV,6,0,1
1.71699E+12,6,HTTP Request,200,,Thread Group 1-337,text,TRUE,,576,216,1,1,http://localhost:5009/data/filterfromAllCSV,6,0,1
1.71699E+12,4,HTTP Request,200,,Thread Group 1-338,text,TRUE,,576,216,1,1,http://localhost:5009/data/filterfromAllCSV,4,0,1
1.71699E+12,7,HTTP Request,200,,Thread Group 1-339,text,TRUE,,576,216,1,1,http://localhost:5009/data/filterfromAllCSV,7,0,1
1.71699E+12,3,HTTP Request,200,,Thread Group 1-340,text,TRUE,,576,216,1,1,http://localhost:5009/data/filterfromAllCSV,3,0,1
1.71699E+12,5,HTTP Request,200,,Thread Group 1-341,text,TRUE,,576,216,1,1,http://localhost:5009/data/filterfromAllCSV,5,0,2
1.71699E+12,7,HTTP Request,200,,Thread Group 1-342,text,TRUE,,576,216,1,1,http://localhost:5009/data/filterfromAllCSV,7,0,1
1.71699E+12,5,HTTP Request,200,,Thread Group 1-343,text,TRUE,,576,216,1,1,http://localhost:5009/data/filterfromAllCSV,5,0,1
1.71699E+12,5,HTTP Request,200,,Thread Group 1-345,text,TRUE,,576,216,2,2,http://localhost:5009/data/filterfromAllCSV,5,0,1
1.71699E+12,13,HTTP Request,200,,Thread Group 1-344,text,TRUE,,576,216,1,1,http://localhost:5009/data/filterfromAllCSV,13,0,1
1.71699E+12,4,HTTP Request,200,,Thread Group 1-346,text,TRUE,,576,216,1,1,http://localhost:5009/data/filterfromAllCSV,4,0,1
1.71699E+12,4,HTTP Request,200,,Thread Group 1-347,text,TRUE,,576,216,2,2,http://localhost:5009/data/filterfromAllCSV,4,0,1
1.71699E+12,6,HTTP Request,200,,Thread Group 1-348,text,TRUE,,576,216,1,1,http://localhost:5009/data/filterfromAllCSV,6,0,1
1.71699E+12,6,HTTP Request,200,,Thread Group 1-349,text,TRUE,,576,216,1,1,http://localhost:5009/data/filterfromAllCSV,6,0,1
1.71699E+12,4,HTTP Request,200,,Thread Group 1-350,text,TRUE,,576,216,1,1,http://localhost:5009/data/filterfromAllCSV,4,0,1
1.71699E+12,9,HTTP Request,200,,Thread Group 1-351,text,TRUE,,576,216,2,2,http://localhost:5009/data/filterfromAllCSV,9,0,1
1.71699E+12,5,HTTP Request,200,,Thread Group 1-352,text,TRUE,,576,216,2,2,http://localhost:5009/data/filterfromAllCSV,5,0,3
1.71699E+12,3,HTTP Request,200,,Thread Group 1-363,text,TRUE,,576,216,11,11,http://localhost:5009/data/filterfromAllCSV,3,0,1
1.71699E+12,3,HTTP Request,200,,Thread Group 1-362,text,TRUE,,576,216,10,10,http://localhost:5009/data/filterfromAllCSV,3,0,0
1.71699E+12,5,HTTP Request,200,,Thread Group 1-361,text,TRUE,,576,216,9,9,http://localhost:5009/data/filterfromAllCSV,5,0,1
1.71699E+12,4,HTTP Request,200,,Thread Group 1-360,text,TRUE,,576,216,9,9,http://localhost:5009/data/filterfromAllCSV,4,0,1
1.71699E+12,5,HTTP Request,200,,Thread Group 1-359,text,TRUE,,576,216,8,8,http://localhost:5009/data/filterfromAllCSV,5,0,1
1.71699E+12,4,HTTP Request,200,,Thread Group 1-358,text,TRUE,,576,216,7,7,http://localhost:5009/data/filterfromAllCSV,4,0,0
1.71699E+12,5,HTTP Request,200,,Thread Group 1-357,text,TRUE,,576,216,7,7,http://localhost:5009/data/filterfromAllCSV,5,0,1
1.71699E+12,3,HTTP Request,200,,Thread Group 1-356,text,TRUE,,576,216,4,4,http://localhost:5009/data/filterfromAllCSV,3,0,1
1.71699E+12,2,HTTP Request,200,,Thread Group 1-355,text,TRUE,,576,216,4,4,http://localhost:5009/data/filterfromAllCSV,2,0,0
1.71699E+12,6,HTTP Request,200,,Thread Group 1-353,text,TRUE,,576,216,2,2,http://localhost:5009/data/filterfromAllCSV,6,0,0
1.71699E+12,7,HTTP Request,200,,Thread Group 1-354,text,TRUE,,576,216,2,2,http://localhost:5009/data/filterfromAllCSV,7,0,1
1.71699E+12,7,HTTP Request,200,,Thread Group 1-364,text,TRUE,,576,216,1,1,http://localhost:5009/data/filterfromAllCSV,7,0,3
1.71699E+12,5,HTTP Request,200,,Thread Group 1-365,text,TRUE,,576,216,1,1,http://localhost:5009/data/filterfromAllCSV,5,0,1
1.71699E+12,8,HTTP Request,200,,Thread Group 1-366,text,TRUE,,576,216,3,3,http://localhost:5009/data/filterfromAllCSV,8,0,1
1.71699E+12,6,HTTP Request,200,,Thread Group 1-367,text,TRUE,,576,216,2,2,http://localhost:5009/data/filterfromAllCSV,6,0,1
1.71699E+12,12,HTTP Request,200,,Thread Group 1-368,text,TRUE,,576,216,1,1,http://localhost:5009/data/filterfromAllCSV,12,0,1
1.71699E+12,6,HTTP Request,200,,Thread Group 1-369,text,TRUE,,576,216,1,1,http://localhost:5009/data/filterfromAllCSV,6,0,1
1.71699E+12,10,HTTP Request,200,,Thread Group 1-370,text,TRUE,,576,216,3,3,http://localhost:5009/data/filterfromAllCSV,10,0,1
1.71699E+12,11,HTTP Request,200,,Thread Group 1-371,text,TRUE,,576,216,2,2,http://localhost:5009/data/filterfromAllCSV,11,0,1
1.71699E+12,14,HTTP Request,200,,Thread Group 1-372,text,TRUE,,576,216,2,2,http://localhost:5009/data/filterfromAllCSV,14,0,2
1.71699E+12,10,HTTP Request,200,,Thread Group 1-373,text,TRUE,,576,216,2,2,http://localhost:5009/data/filterfromAllCSV,10,0,1
1.71699E+12,8,HTTP Request,200,,Thread Group 1-374,text,TRUE,,576,216,1,1,http://localhost:5009/data/filterfromAllCSV,8,0,4
1.71699E+12,10,HTTP Request,200,,Thread Group 1-375,text,TRUE,,576,216,2,2,http://localhost:5009/data/filterfromAllCSV,10,0,2
1.71699E+12,8,HTTP Request,200,,Thread Group 1-376,text,TRUE,,576,216,2,2,http://localhost:5009/data/filterfromAllCSV,8,0,1
1.71699E+12,5,HTTP Request,200,,Thread Group 1-377,text,TRUE,,576,216,2,2,http://localhost:5009/data/filterfromAllCSV,5,0,0
1.71699E+12,6,HTTP Request,200,,Thread Group 1-378,text,TRUE,,576,216,1,1,http://localhost:5009/data/filterfromAllCSV,6,0,1
1.71699E+12,6,HTTP Request,200,,Thread Group 1-380,text,TRUE,,576,216,2,2,http://localhost:5009/data/filterfromAllCSV,6,0,2
1.71699E+12,12,HTTP Request,200,,Thread Group 1-379,text,TRUE,,576,216,1,1,http://localhost:5009/data/filterfromAllCSV,12,0,2
1.71699E+12,6,HTTP Request,200,,Thread Group 1-381,text,TRUE,,576,216,1,1,http://localhost:5009/data/filterfromAllCSV,6,0,4
1.71699E+12,3,HTTP Request,200,,Thread Group 1-382,text,TRUE,,576,216,1,1,http://localhost:5009/data/filterfromAllCSV,3,0,1
1.71699E+12,8,HTTP Request,200,,Thread Group 1-383,text,TRUE,,576,216,1,1,http://localhost:5009/data/filterfromAllCSV,8,0,1
1.71699E+12,5,HTTP Request,200,,Thread Group 1-384,text,TRUE,,576,216,1,1,http://localhost:5009/data/filterfromAllCSV,5,0,1
1.71699E+12,7,HTTP Request,200,,Thread Group 1-385,text,TRUE,,576,216,1,1,http://localhost:5009/data/filterfromAllCSV,7,0,1
1.71699E+12,5,HTTP Request,200,,Thread Group 1-386,text,TRUE,,576,216,1,1,http://localhost:5009/data/filterfromAllCSV,4,0,1
1.71699E+12,3,HTTP Request,200,,Thread Group 1-387,text,TRUE,,576,216,2,2,http://localhost:5009/data/filterfromAllCSV,3,0,0
1.71699E+12,6,HTTP Request,200,,Thread Group 1-388,text,TRUE,,576,216,2,2,http://localhost:5009/data/filterfromAllCSV,6,0,4
1.71699E+12,4,HTTP Request,200,,Thread Group 1-389,text,TRUE,,576,216,3,3,http://localhost:5009/data/filterfromAllCSV,4,0,0
1.71699E+12,3,HTTP Request,200,,Thread Group 1-391,text,TRUE,,576,216,2,2,http://localhost:5009/data/filterfromAllCSV,3,0,0
1.71699E+12,7,HTTP Request,200,,Thread Group 1-390,text,TRUE,,576,216,1,1,http://localhost:5009/data/filterfromAllCSV,7,0,1
1.71699E+12,5,HTTP Request,200,,Thread Group 1-392,text,TRUE,,576,216,1,1,http://localhost:5009/data/filterfromAllCSV,5,0,1
1.71699E+12,4,HTTP Request,200,,Thread Group 1-393,text,TRUE,,576,216,1,1,http://localhost:5009/data/filterfromAllCSV,4,0,1
1.71699E+12,10,HTTP Request,200,,Thread Group 1-394,text,TRUE,,576,216,2,2,http://localhost:5009/data/filterfromAllCSV,10,0,1
1.71699E+12,10,HTTP Request,200,,Thread Group 1-395,text,TRUE,,576,216,3,3,http://localhost:5009/data/filterfromAllCSV,10,0,1
1.71699E+12,9,HTTP Request,200,,Thread Group 1-397,text,TRUE,,576,216,2,2,http://localhost:5009/data/filterfromAllCSV,9,0,1
1.71699E+12,9,HTTP Request,200,,Thread Group 1-396,text,TRUE,,576,216,1,1,http://localhost:5009/data/filterfromAllCSV,9,0,2
1.71699E+12,3,HTTP Request,200,,Thread Group 1-399,text,TRUE,,576,216,2,2,http://localhost:5009/data/filterfromAllCSV,3,0,0
1.71699E+12,4,HTTP Request,200,,Thread Group 1-398,text,TRUE,,576,216,2,2,http://localhost:5009/data/filterfromAllCSV,4,0,1
1.71699E+12,22,HTTP Request,200,,Thread Group 1-405,text,TRUE,,576,216,17,17,http://localhost:5009/data/filterfromAllCSV,22,0,1
1.71699E+12,26,HTTP Request,200,,Thread Group 1-404,text,TRUE,,576,216,16,16,http://localhost:5009/data/filterfromAllCSV,26,0,1
1.71699E+12,13,HTTP Request,200,,Thread Group 1-413,text,TRUE,,576,216,15,15,http://localhost:5009/data/filterfromAllCSV,13,0,1
1.71699E+12,27,HTTP Request,200,,Thread Group 1-403,text,TRUE,,576,216,14,14,http://localhost:5009/data/filterfromAllCSV,27,0,1
1.71699E+12,31,HTTP Request,200,,Thread Group 1-402,text,TRUE,,576,216,13,13,http://localhost:5009/data/filterfromAllCSV,31,0,1
1.71699E+12,28,HTTP Request,200,,Thread Group 1-406,text,TRUE,,576,216,13,13,http://localhost:5009/data/filterfromAllCSV,28,0,1
1.71699E+12,28,HTTP Request,200,,Thread Group 1-408,text,TRUE,,576,216,11,11,http://localhost:5009/data/filterfromAllCSV,28,0,1
1.71699E+12,29,HTTP Request,200,,Thread Group 1-407,text,TRUE,,576,216,11,11,http://localhost:5009/data/filterfromAllCSV,29,0,0
1.71699E+12,30,HTTP Request,200,,Thread Group 1-409,text,TRUE,,576,216,11,11,http://localhost:5009/data/filterfromAllCSV,30,0,0
1.71699E+12,28,HTTP Request,200,,Thread Group 1-411,text,TRUE,,576,216,8,8,http://localhost:5009/data/filterfromAllCSV,28,0,1
1.71699E+12,26,HTTP Request,200,,Thread Group 1-414,text,TRUE,,576,216,8,8,http://localhost:5009/data/filterfromAllCSV,26,0,0
1.71699E+12,28,HTTP Request,200,,Thread Group 1-412,text,TRUE,,576,216,6,6,http://localhost:5009/data/filterfromAllCSV,28,0,1
1.71699E+12,32,HTTP Request,200,,Thread Group 1-410,text,TRUE,,576,216,5,5,http://localhost:5009/data/filterfromAllCSV,32,0,1
1.71699E+12,29,HTTP Request,200,,Thread Group 1-415,text,TRUE,,576,216,4,4,http://localhost:5009/data/filterfromAllCSV,29,0,0
1.71699E+12,30,HTTP Request,200,,Thread Group 1-400,text,TRUE,,576,216,4,4,http://localhost:5009/data/filterfromAllCSV,30,0,2
1.71699E+12,21,HTTP Request,200,,Thread Group 1-416,text,TRUE,,576,216,2,2,http://localhost:5009/data/filterfromAllCSV,21,0,0
1.71699E+12,36,HTTP Request,200,,Thread Group 1-401,text,TRUE,,576,216,2,2,http://localhost:5009/data/filterfromAllCSV,36,0,2
1.71699E+12,4,HTTP Request,200,,Thread Group 1-417,text,TRUE,,576,216,2,2,http://localhost:5009/data/filterfromAllCSV,4,0,1
1.71699E+12,4,HTTP Request,200,,Thread Group 1-418,text,TRUE,,576,216,2,2,http://localhost:5009/data/filterfromAllCSV,4,0,1
1.71699E+12,4,HTTP Request,200,,Thread Group 1-419,text,TRUE,,576,216,2,2,http://localhost:5009/data/filterfromAllCSV,4,0,0
1.71699E+12,5,HTTP Request,200,,Thread Group 1-420,text,TRUE,,576,216,3,3,http://localhost:5009/data/filterfromAllCSV,5,0,1
1.71699E+12,5,HTTP Request,200,,Thread Group 1-422,text,TRUE,,576,216,3,3,http://localhost:5009/data/filterfromAllCSV,5,0,1
1.71699E+12,6,HTTP Request,200,,Thread Group 1-421,text,TRUE,,576,216,3,3,http://localhost:5009/data/filterfromAllCSV,6,0,1
1.71699E+12,5,HTTP Request,200,,Thread Group 1-423,text,TRUE,,576,216,1,1,http://localhost:5009/data/filterfromAllCSV,5,0,2
1.71699E+12,7,HTTP Request,200,,Thread Group 1-424,text,TRUE,,576,216,2,2,http://localhost:5009/data/filterfromAllCSV,7,0,2
1.71699E+12,7,HTTP Request,200,,Thread Group 1-425,text,TRUE,,576,216,1,1,http://localhost:5009/data/filterfromAllCSV,7,0,1
1.71699E+12,4,HTTP Request,200,,Thread Group 1-426,text,TRUE,,576,216,3,3,http://localhost:5009/data/filterfromAllCSV,4,0,1
1.71699E+12,5,HTTP Request,200,,Thread Group 1-427,text,TRUE,,576,216,2,2,http://localhost:5009/data/filterfromAllCSV,4,0,1
1.71699E+12,4,HTTP Request,200,,Thread Group 1-428,text,TRUE,,576,216,2,2,http://localhost:5009/data/filterfromAllCSV,4,0,0
1.71699E+12,4,HTTP Request,200,,Thread Group 1-429,text,TRUE,,576,216,1,1,http://localhost:5009/data/filterfromAllCSV,4,0,1
1.71699E+12,3,HTTP Request,200,,Thread Group 1-430,text,TRUE,,576,216,2,2,http://localhost:5009/data/filterfromAllCSV,3,0,1
1.71699E+12,3,HTTP Request,200,,Thread Group 1-431,text,TRUE,,576,216,2,2,http://localhost:5009/data/filterfromAllCSV,3,0,1
1.71699E+12,4,HTTP Request,200,,Thread Group 1-433,text,TRUE,,576,216,3,3,http://localhost:5009/data/filterfromAllCSV,4,0,1
1.71699E+12,4,HTTP Request,200,,Thread Group 1-434,text,TRUE,,576,216,3,3,http://localhost:5009/data/filterfromAllCSV,4,0,1
1.71699E+12,4,HTTP Request,200,,Thread Group 1-432,text,TRUE,,576,216,3,3,http://localhost:5009/data/filterfromAllCSV,4,0,1
1.71699E+12,6,HTTP Request,200,,Thread Group 1-435,text,TRUE,,576,216,4,4,http://localhost:5009/data/filterfromAllCSV,6,0,1
1.71699E+12,6,HTTP Request,200,,Thread Group 1-437,text,TRUE,,576,216,4,4,http://localhost:5009/data/filterfromAllCSV,6,0,2
1.71699E+12,8,HTTP Request,200,,Thread Group 1-436,text,TRUE,,576,216,3,3,http://localhost:5009/data/filterfromAllCSV,8,0,1
1.71699E+12,4,HTTP Request,200,,Thread Group 1-438,text,TRUE,,576,216,3,3,http://localhost:5009/data/filterfromAllCSV,4,0,1
1.71699E+12,4,HTTP Request,200,,Thread Group 1-439,text,TRUE,,576,216,2,2,http://localhost:5009/data/filterfromAllCSV,4,0,1
1.71699E+12,4,HTTP Request,200,,Thread Group 1-440,text,TRUE,,576,216,1,1,http://localhost:5009/data/filterfromAllCSV,4,0,0
1.71699E+12,8,HTTP Request,200,,Thread Group 1-441,text,TRUE,,576,216,3,3,http://localhost:5009/data/filterfromAllCSV,8,0,2
1.71699E+12,8,HTTP Request,200,,Thread Group 1-442,text,TRUE,,576,216,2,2,http://localhost:5009/data/filterfromAllCSV,8,0,1
1.71699E+12,6,HTTP Request,200,,Thread Group 1-443,text,TRUE,,576,216,2,2,http://localhost:5009/data/filterfromAllCSV,6,0,1
1.71699E+12,8,HTTP Request,200,,Thread Group 1-446,text,TRUE,,576,216,2,2,http://localhost:5009/data/filterfromAllCSV,8,0,3
1.71699E+12,12,HTTP Request,200,,Thread Group 1-445,text,TRUE,,576,216,1,1,http://localhost:5009/data/filterfromAllCSV,12,0,1
1.71699E+12,8,HTTP Request,200,,Thread Group 1-447,text,TRUE,,576,216,1,1,http://localhost:5009/data/filterfromAllCSV,8,0,1
1.71699E+12,5,HTTP Request,200,,Thread Group 1-444,text,TRUE,,576,216,1,1,http://localhost:5009/data/filterfromAllCSV,5,0,1
1.71699E+12,4,HTTP Request,200,,Thread Group 1-448,text,TRUE,,576,216,1,1,http://localhost:5009/data/filterfromAllCSV,4,0,1
1.71699E+12,4,HTTP Request,200,,Thread Group 1-449,text,TRUE,,576,216,1,1,http://localhost:5009/data/filterfromAllCSV,4,0,1
1.71699E+12,4,HTTP Request,200,,Thread Group 1-450,text,TRUE,,576,216,3,3,http://localhost:5009/data/filterfromAllCSV,4,0,1
1.71699E+12,5,HTTP Request,200,,Thread Group 1-451,text,TRUE,,576,216,2,2,http://localhost:5009/data/filterfromAllCSV,5,0,1
1.71699E+12,6,HTTP Request,200,,Thread Group 1-452,text,TRUE,,576,216,2,2,http://localhost:5009/data/filterfromAllCSV,6,0,1
1.71699E+12,4,HTTP Request,200,,Thread Group 1-459,text,TRUE,,576,216,8,8,http://localhost:5009/data/filterfromAllCSV,4,0,1
1.71699E+12,3,HTTP Request,200,,Thread Group 1-460,text,TRUE,,576,216,8,8,http://localhost:5009/data/filterfromAllCSV,3,0,1
1.71699E+12,5,HTTP Request,200,,Thread Group 1-454,text,TRUE,,576,216,3,3,http://localhost:5009/data/filterfromAllCSV,5,0,1
1.71699E+12,3,HTTP Request,200,,Thread Group 1-456,text,TRUE,,576,216,5,5,http://localhost:5009/data/filterfromAllCSV,3,0,1
1.71699E+12,3,HTTP Request,200,,Thread Group 1-453,text,TRUE,,576,216,1,1,http://localhost:5009/data/filterfromAllCSV,3,0,1
1.71699E+12,4,HTTP Request,200,,Thread Group 1-458,text,TRUE,,576,216,8,8,http://localhost:5009/data/filterfromAllCSV,4,0,2
1.71699E+12,3,HTTP Request,200,,Thread Group 1-455,text,TRUE,,576,216,4,4,http://localhost:5009/data/filterfromAllCSV,3,0,1
1.71699E+12,3,HTTP Request,200,,Thread Group 1-457,text,TRUE,,576,216,5,5,http://localhost:5009/data/filterfromAllCSV,3,0,1
1.71699E+12,3,HTTP Request,200,,Thread Group 1-462,text,TRUE,,576,216,10,10,http://localhost:5009/data/filterfromAllCSV,3,0,1
1.71699E+12,5,HTTP Request,200,,Thread Group 1-461,text,TRUE,,576,216,2,2,http://localhost:5009/data/filterfromAllCSV,5,0,1
1.71699E+12,5,HTTP Request,200,,Thread Group 1-466,text,TRUE,,576,216,2,2,http://localhost:5009/data/filterfromAllCSV,5,0,1
1.71699E+12,7,HTTP Request,200,,Thread Group 1-468,text,TRUE,,576,216,2,2,http://localhost:5009/data/filterfromAllCSV,7,0,1
1.71699E+12,5,HTTP Request,200,,Thread Group 1-469,text,TRUE,,576,216,2,2,http://localhost:5009/data/filterfromAllCSV,5,0,2
1.71699E+12,5,HTTP Request,200,,Thread Group 1-470,text,TRUE,,576,216,2,2,http://localhost:5009/data/filterfromAllCSV,5,0,1
1.71699E+12,3,HTTP Request,200,,Thread Group 1-471,text,TRUE,,576,216,2,2,http://localhost:5009/data/filterfromAllCSV,3,0,0
1.71699E+12,4,HTTP Request,200,,Thread Group 1-473,text,TRUE,,576,216,4,4,http://localhost:5009/data/filterfromAllCSV,4,0,1
1.71699E+12,6,HTTP Request,200,,Thread Group 1-472,text,TRUE,,576,216,3,3,http://localhost:5009/data/filterfromAllCSV,6,0,0
1.71699E+12,6,HTTP Request,200,,Thread Group 1-474,text,TRUE,,576,216,2,2,http://localhost:5009/data/filterfromAllCSV,6,0,1
1.71699E+12,7,HTTP Request,200,,Thread Group 1-475,text,TRUE,,576,216,2,2,http://localhost:5009/data/filterfromAllCSV,7,0,1
1.71699E+12,4,HTTP Request,200,,Thread Group 1-476,text,TRUE,,576,216,3,3,http://localhost:5009/data/filterfromAllCSV,4,0,1
1.71699E+12,4,HTTP Request,200,,Thread Group 1-477,text,TRUE,,576,216,3,3,http://localhost:5009/data/filterfromAllCSV,4,0,0
1.71699E+12,5,HTTP Request,200,,Thread Group 1-479,text,TRUE,,576,216,3,3,http://localhost:5009/data/filterfromAllCSV,5,0,1
1.71699E+12,5,HTTP Request,200,,Thread Group 1-463,text,TRUE,,576,216,3,3,http://localhost:5009/data/filterfromAllCSV,5,0,1
1.71699E+12,4,HTTP Request,200,,Thread Group 1-464,text,TRUE,,576,216,3,3,http://localhost:5009/data/filterfromAllCSV,4,0,1
1.71699E+12,6,HTTP Request,200,,Thread Group 1-465,text,TRUE,,576,216,3,3,http://localhost:5009/data/filterfromAllCSV,6,0,1
1.71699E+12,6,HTTP Request,200,,Thread Group 1-467,text,TRUE,,576,216,3,3,http://localhost:5009/data/filterfromAllCSV,6,0,2
1.71699E+12,4,HTTP Request,200,,Thread Group 1-478,text,TRUE,,576,216,2,2,http://localhost:5009/data/filterfromAllCSV,4,0,1
1.71699E+12,6,HTTP Request,200,,Thread Group 1-480,text,TRUE,,576,216,2,2,http://localhost:5009/data/filterfromAllCSV,6,0,1
1.71699E+12,3,HTTP Request,200,,Thread Group 1-481,text,TRUE,,576,216,3,3,http://localhost:5009/data/filterfromAllCSV,3,0,0
1.71699E+12,6,HTTP Request,200,,Thread Group 1-482,text,TRUE,,576,216,2,2,http://localhost:5009/data/filterfromAllCSV,6,0,1
1.71699E+12,11,HTTP Request,200,,Thread Group 1-483,text,TRUE,,576,216,2,2,http://localhost:5009/data/filterfromAllCSV,11,0,1
1.71699E+12,7,HTTP Request,200,,Thread Group 1-484,text,TRUE,,576,216,1,1,http://localhost:5009/data/filterfromAllCSV,7,0,1
1.71699E+12,6,HTTP Request,200,,Thread Group 1-485,text,TRUE,,576,216,3,3,http://localhost:5009/data/filterfromAllCSV,6,0,1
1.71699E+12,4,HTTP Request,200,,Thread Group 1-486,text,TRUE,,576,216,3,3,http://localhost:5009/data/filterfromAllCSV,4,0,0
1.71699E+12,6,HTTP Request,200,,Thread Group 1-487,text,TRUE,,576,216,3,3,http://localhost:5009/data/filterfromAllCSV,6,0,2
1.71699E+12,4,HTTP Request,200,,Thread Group 1-489,text,TRUE,,576,216,3,3,http://localhost:5009/data/filterfromAllCSV,4,0,0
1.71699E+12,4,HTTP Request,200,,Thread Group 1-488,text,TRUE,,576,216,3,3,http://localhost:5009/data/filterfromAllCSV,4,0,0
1.71699E+12,3,HTTP Request,200,,Thread Group 1-490,text,TRUE,,576,216,2,2,http://localhost:5009/data/filterfromAllCSV,3,0,1
1.71699E+12,5,HTTP Request,200,,Thread Group 1-491,text,TRUE,,576,216,1,1,http://localhost:5009/data/filterfromAllCSV,5,0,1
1.71699E+12,5,HTTP Request,200,,Thread Group 1-492,text,TRUE,,576,216,1,1,http://localhost:5009/data/filterfromAllCSV,5,0,1
1.71699E+12,6,HTTP Request,200,,Thread Group 1-493,text,TRUE,,576,216,2,2,http://localhost:5009/data/filterfromAllCSV,6,0,1
1.71699E+12,8,HTTP Request,200,,Thread Group 1-494,text,TRUE,,576,216,1,1,http://localhost:5009/data/filterfromAllCSV,8,0,0
1.71699E+12,5,HTTP Request,200,,Thread Group 1-495,text,TRUE,,576,216,1,1,http://localhost:5009/data/filterfromAllCSV,5,0,2
1.71699E+12,4,HTTP Request,200,,Thread Group 1-496,text,TRUE,,576,216,1,1,http://localhost:5009/data/filterfromAllCSV,4,0,1
1.71699E+12,5,HTTP Request,200,,Thread Group 1-497,text,TRUE,,576,216,1,1,http://localhost:5009/data/filterfromAllCSV,5,0,1
1.71699E+12,6,HTTP Request,200,,Thread Group 1-498,text,TRUE,,576,216,1,1,http://localhost:5009/data/filterfromAllCSV,6,0,2
1.71699E+12,4,HTTP Request,200,,Thread Group 1-500,text,TRUE,,576,216,2,2,http://localhost:5009/data/filterfromAllCSV,4,0,1
1.71699E+12,4,HTTP Request,200,,Thread Group 1-499,text,TRUE,,576,216,2,2,http://localhost:5009/data/filterfromAllCSV,4,0,1
